Date,energydemand,min temparature,max temparature
2020-04-01,8321,24.26,37.64
2020-04-02,8479,25.49,38.13
2020-04-03,8424,25.47,37.71
2020-04-04,8222,24.78,36.86
2020-04-05,8189,25.33,36.31
2020-04-06,8595,26.64,37.11
2020-04-07,8312,26.67,37.24
2020-04-08,8095,26.28,36.68
2020-04-09,6391,25.41,37.08
2020-04-10,6831,22.62,34.13
2020-04-11,7345,24.79,35.82
2020-04-12,7540,24.74,36.34
2020-04-13,7724,24.69,37.04
2020-04-14,7862,24.68,37.94
2020-04-15,8025,24.87,36.87
2020-04-16,8204,25.12,37.02
2020-04-17,8400,26.09,37.06
2020-04-18,8332,26.73,37.48
2020-04-19,8281,26.65,37.29
2020-04-20,8455,26.13,37.01
2020-04-21,8416,25.71,37.11
2020-04-22,8387,26.84,37.31
2020-04-23,8484,27.17,37.68
2020-04-24,8410,28.0,37.89
2020-04-25,8165,27.88,37.92
2020-04-26,7579,25.48,37.76
2020-04-27,7383,26.24,37.68
2020-04-28,7649,26.54,36.4
2020-04-29,6866,25.16,36.47
2020-04-30,7191,25.81,35.89
2020-05-01,7537,27.27,37.25
2020-05-02,7838,26.62,38.33
2020-05-03,8260,27.67,37.73
2020-05-04,8414,27.51,38.49
2020-05-05,8533,28.03,38.55
2020-05-06,8702,27.77,38.34
2020-05-07,8762,27.61,38.3
2020-05-08,8884,27.45,38.25
2020-05-09,9123,27.81,38.25
2020-05-10,8750,27.09,38.78
2020-05-11,9100,27.64,38.36
2020-05-12,8890,26.86,37.6
2020-05-13,9075,26.56,37.66
2020-05-14,8620,27.42,37.87
2020-05-15,9071,26.75,38.04
2020-05-16,9506,27.71,38.23
2020-05-17,9055,27.75,38.16
2020-05-18,8618,27.52,38.42
2020-05-19,7789,26.58,38.14
2020-05-20,8890,27.75,38.85
2020-05-21,9649,28.72,40.61
2020-05-22,10060,28.53,42.28
2020-05-23,10029,28.74,41.6
2020-05-24,9870,29.14,40.51
2020-05-25,9955,29.02,39.36
2020-05-26,10071,28.61,38.94
2020-05-27,10101,29.06,38.84
2020-05-28,10062,29.04,39.19
2020-05-29,9880,29.46,39.85
2020-05-30,9188,27.39,40.18
2020-05-31,9317,28.6,38.32
2020-06-01,8926,27.94,38.28
2020-06-02,8676,27.18,37.05
2020-06-03,8712,26.89,36.79
2020-06-04,8227,28.26,36.52
2020-06-05,8987,27.91,37.19
2020-06-06,9423,28.07,37.63
2020-06-07,9046,28.39,38.86
2020-06-08,9096,28.33,38.46
2020-06-09,9237,28.24,37.97
2020-06-10,8525,26.97,37.52
2020-06-11,6623,24.59,35.03
2020-06-12,6365,25.04,30.45
2020-06-13,7283,25.85,31.1
2020-06-14,7406,27.35,35.43
2020-06-15,8170,27.33,36.65
2020-06-16,7980,27.06,36.18
2020-06-17,7762,26.81,35.16
2020-06-18,7821,26.47,34.51
2020-06-19,7562,26.68,34.4
2020-06-20,8353,27.47,36.64
2020-06-21,7767,27.44,36.96
2020-06-22,8278,26.55,34.42
2020-06-23,8640,26.25,36.11
2020-06-24,8812,26.76,36.81
2020-06-25,8270,26.27,36.49
2020-06-26,8470,26.55,35.54
2020-06-27,8336,27.23,34.93
2020-06-28,7842,26.93,35.39
2020-06-29,8202,26.63,34.93
2020-06-30,7472,26.05,34.89
2020-07-01,7434,25.32,34.68
2020-07-02,7342,25.97,34.02
2020-07-03,7200,25.37,34.24
2020-07-04,6675,25.25,33.91
2020-07-05,6433,24.79,32.26
2020-07-06,6986,24.95,31.61
2020-07-07,7812,25.85,32.27
2020-07-08,8500,25.62,35.83
2020-07-09,7190,24.07,35.48
2020-07-10,7178,24.93,33.26
2020-07-11,7352,24.57,32.68
2020-07-12,7090,25.07,34.39
2020-07-13,7301,24.6,34.28
2020-07-14,6879,24.58,33.37
2020-07-15,6439,24.17,31.43
2020-07-16,6619,24.16,29.04
2020-07-17,6792,24.61,30.89
2020-07-18,7016,24.67,33.23
2020-07-19,6934,25.41,33.54
2020-07-20,7050,24.92,33.02
2020-07-21,7286,25.07,34.22
2020-07-22,7454,26.1,34.14
2020-07-23,7292,25.62,34.38
2020-07-24,7049,24.49,31.06
2020-07-25,6992,24.62,32.72
2020-07-26,6932,24.65,32.73
2020-07-27,7498,25.21,33.97
2020-07-28,8296,26.12,34.6
2020-07-29,7954,24.8,34.3
2020-07-30,7960,25.1,33.13
2020-07-31,8074,25.8,34.21
2020-08-01,7320,25.44,33.9
2020-08-02,7278,25.37,33.27
2020-08-03,7220,25.5,34.19
2020-08-04,6894,24.96,32.52
2020-08-05,6646,25.04,30.83
2020-08-06,7337,25.73,30.48
2020-08-07,7978,26.8,33.51
2020-08-08,8332,27.03,33.84
2020-08-09,8045,26.87,34.81
2020-08-10,7239,24.72,31.76
2020-08-11,7712,25.01,30.96
2020-08-12,7623,24.99,33.34
2020-08-13,7479,24.86,30.14
2020-08-14,7511,24.19,29.53
2020-08-15,7189,23.84,28.88
2020-08-16,6833,24.24,27.59
2020-08-17,7175,24.62,28.97
2020-08-18,7800,25.2,31.57
2020-08-19,7945,25.48,33.34
2020-08-20,7946,25.22,31.56
2020-08-21,7770,25.03,29.53
2020-08-22,7869,25.16,32.84
2020-08-23,7605,25.47,32.69
2020-08-24,7652,25.23,32.17
2020-08-25,8051,25.71,32.87
2020-08-26,7967,25.81,33.58
2020-08-27,7805,25.35,32.23
2020-08-28,8292,25.3,32.27
2020-08-29,8730,25.92,33.86
2020-08-30,8892,26.18,34.55
2020-08-31,8717,25.59,35.09
2020-09-01,8420,26.84,34.98
2020-09-02,8091,25.1,34.67
2020-09-03,8045,25.18,32.53
2020-09-04,8266,25.87,33.68
2020-09-05,8600,25.9,33.76
2020-09-06,8782,26.17,34.41
2020-09-07,9523,26.42,34.83
2020-09-08,9060,25.95,35.11
2020-09-09,9103,26.48,34.88
2020-09-10,9043,26.19,34.97
2020-09-11,8610,25.71,34.42
2020-09-12,8140,25.36,32.58
2020-09-13,6640,24.51,32.04
2020-09-14,6927,24.25,29.59
2020-09-15,7247,24.81,29.53
2020-09-16,7228,24.88,31.51
2020-09-17,7170,25.65,32.05
2020-09-18,7391,25.49,33.04
2020-09-19,6608,24.36,33.48
2020-09-20,6574,25.34,30.38
2020-09-21,7050,24.73,30.56
2020-09-22,7237,25.42,30.61
2020-09-23,7662,25.09,32.15
2020-09-24,8260,25.67,33.52
2020-09-25,8555,26.11,34.27
2020-09-26,7015,23.83,33.96
2020-09-27,7122,24.32,28.02
2020-09-28,7490,24.77,31.35
2020-09-29,7954,25.66,33.64
2020-09-30,7088,24.14,32.65
2020-10-01,7286,23.85,30.18
2020-10-02,7224,24.5,31.2
2020-10-03,7346,25.99,32.71
2020-10-04,7131,25.81,32.93
2020-10-05,7780,25.26,31.31
2020-10-06,8176,25.04,32.91
2020-10-07,8110,25.31,33.69
2020-10-08,8450,25.21,32.82
2020-10-09,8387,25.46,32.98
2020-10-10,7707,25.61,33.81
2020-10-11,6511,24.22,31.43
2020-10-12,7129,23.77,28.47
2020-10-13,7127,24.25,29.41
2020-10-14,7192,24.03,30.49
2020-10-15,7482,24.36,31.72
2020-10-16,7547,24.91,32.01
2020-10-17,7505,24.89,32.56
2020-10-18,7396,24.97,32.29
2020-10-19,7324,24.93,32.19
2020-10-20,7453,24.61,32.84
2020-10-21,7395,24.61,30.42
2020-10-22,7442,24.91,29.79
2020-10-23,7470,24.86,32.19
2020-10-24,7450,24.14,33.17
2020-10-25,7171,24.31,33.51
2020-10-26,7558,23.99,33.47
2020-10-27,8097,23.66,33.22
2020-10-28,8003,23.56,32.99
2020-10-29,8128,23.52,32.23
2020-10-30,8315,23.05,31.58
2020-10-31,8820,22.62,33.19
2020-11-01,8660,23.02,33.52
2020-11-02,9338,23.43,34.03
2020-11-03,9490,24.22,33.99
2020-11-04,9022,24.45,33.51
2020-11-05,8951,23.59,32.95
2020-11-06,8368,23.71,32.68
2020-11-07,8107,23.91,32.23
2020-11-08,7908,23.17,31.53
2020-11-09,8256,20.92,31.54
2020-11-10,8350,18.72,31.24
2020-11-11,8618,20.51,30.91
2020-11-12,7833,23.07,29.98
2020-11-13,7560,22.7,28.29
2020-11-14,7465,22.29,31.0
2020-11-15,7370,22.45,31.89
2020-11-16,7314,23.36,29.56
2020-11-17,7414,22.93,29.49
2020-11-18,7516,22.84,31.15
2020-11-19,7772,23.01,31.73
2020-11-20,7940,22.09,32.2
2020-11-21,7933,20.89,31.8
2020-11-22,8192,21.62,32.59
2020-11-23,8150,22.21,32.23
2020-11-24,7877,22.36,30.29
2020-11-25,7522,21.33,29.97
2020-11-26,5826,21.24,28.09
2020-11-27,6286,19.81,23.78
2020-11-28,6817,19.98,23.92
2020-11-29,6607,21.75,26.98
2020-11-30,6914,20.77,28.53
2020-12-01,7090,19.94,30.21
2020-12-02,7123,19.73,29.54
2020-12-03,7124,20.81,29.65
2020-12-04,7218,21.38,28.54
2020-12-05,7115,21.39,30.07
2020-12-06,6819,20.99,30.16
2020-12-07,7111,21.79,29.83
2020-12-08,7245,21.19,29.96
2020-12-09,7254,20.03,30.07
2020-12-10,7270,19.18,30.38
2020-12-11,7442,19.08,30.34
2020-12-12,7485,18.26,30.2
2020-12-13,7544,18.27,29.91
2020-12-14,7781,18.74,30.35
2020-12-15,7916,19.24,30.14
2020-12-16,8001,20.99,29.63
2020-12-17,7848,21.36,29.55
2020-12-18,8206,21.0,30.0
2020-12-19,8176,21.07,29.91
2020-12-20,7883,19.89,29.45
2020-12-21,8166,17.36,29.14
2020-12-22,8380,16.45,28.89
2020-12-23,8610,17.0,28.93
2020-12-24,8706,17.19,28.95
2020-12-25,8701,18.03,28.89
2020-12-26,8638,18.15,29.06
2020-12-27,8668,18.08,29.03
2020-12-28,8459,18.12,29.21
2020-12-29,8601,18.38,29.71
2020-12-30,8885,19.68,29.42
2020-12-31,8934,20.82,29.28
2020-01-01,8657,20.71,29.23
2020-01-02,8414,21.98,29.81
2020-01-03,8433,21.97,29.02
2020-01-04,8004,22.58,30.83
2020-01-05,8042,22.44,29.66
2020-01-06,7842,22.33,28.69
2020-01-07,7668,21.88,28.52
2020-01-08,7990,20.78,29.25
2020-01-09,8193,19.95,29.84
2020-01-10,8521,20.39,30.32
2020-01-11,8372,20.59,29.63
2020-01-12,8624,19.91,29.5
2020-01-13,8832,18.46,29.41
2020-01-14,8700,18.71,30.18
2020-01-15,8230,18.06,30.14
2020-01-16,8085,18.72,29.94
2020-01-17,8597,19.44,30.57
2020-01-18,8441,21.34,30.86
2020-01-19,8814,21.31,30.14
2020-01-20,8978,20.58,31.17
2020-01-21,8987,20.38,31.43
2020-01-22,9017,20.41,30.91
2020-01-23,9169,20.4,30.92
2020-01-24,8968,19.66,31.27
2020-01-25,9052,19.54,31.64
2020-01-26,8914,19.53,31.29
2020-01-27,9068,20.26,32.02
2020-01-28,9371,21.05,32.68
2020-01-29,9245,22.14,32.37
2020-01-30,9605,22.15,32.51
2020-01-31,9480,21.94,32.85
2020-02-01,9299,21.99,32.6
2020-02-02,9112,21.59,31.68
2020-02-03,9225,20.6,31.27
2020-02-04,8953,20.97,31.61
2020-02-05,9268,21.24,30.68
2020-02-06,9336,20.6,32.19
2020-02-07,9304,21.7,32.26
2020-02-08,9226,22.15,32.01
2020-02-09,9077,22.31,31.87
2020-02-10,9130,21.17,30.26
2020-02-11,9057,21.26,29.59
2020-02-12,9117,21.23,30.81
2020-02-13,9213,20.55,31.27
2020-02-14,9298,19.98,32.22
2020-02-15,9260,19.66,33.95
2020-02-16,9496,20.23,33.66
2020-02-17,9708,19.77,33.47
2020-02-18,9562,20.23,32.93
2020-02-19,9817,21.26,32.69
2020-02-20,9754,20.47,32.21
2020-02-21,9936,20.23,31.97
2020-02-22,9616,20.02,32.17
2020-02-23,9580,20.44,32.63
2020-02-24,9661,21.36,32.62
2020-02-25,9941,22.04,32.97
2020-02-26,9914,22.63,33.38
2020-02-27,9954,23.01,32.8
2020-02-28,9778,22.36,32.63
2020-02-29,9818,22.04,32.49
2020-03-01,9762,22.24,32.84
2020-03-02,9750,22.59,32.94
2020-03-03,9903,21.93,33.14
2020-03-04,10005,23.18,33.96
2020-03-05,9982,23.21,34.21
2020-03-06,9790,24.39,33.9
2020-03-07,8950,24.92,33.16
2020-03-08,8760,24.31,32.6
2020-03-09,9136,23.38,33.31
2020-03-10,9112,23.43,33.63
2020-03-11,9496,23.91,34.33
2020-03-12,9694,24.12,34.33
2020-03-13,9589,24.07,34.91
2020-03-14,9809,22.76,34.92
2020-03-15,9527,22.91,34.63
2020-03-16,9967,23.13,34.15
2020-03-17,9980,23.44,34.67
2020-03-18,10207,23.15,35.31
2020-03-19,10201,23.99,36.14
2020-03-20,9896,24.56,36.61
2020-03-21,9810,24.14,35.22
2020-03-22,8514,24.59,35.53
2020-03-23,9317,24.5,35.54
2020-03-24,8784,23.63,35.11
2020-03-25,8220,24.09,35.39
2020-03-26,8217,23.84,35.46
2020-03-27,8095,23.65,35.97
2020-03-28,8138,22.91,36.48
2020-03-29,8244,24.25,37.14
2020-03-30,8200,24.05,37.78
2020-03-31,8296,24.09,37.25
2019-04-01,8839,26.16,38.55
2019-04-02,8907,25.72,38.03
2019-04-03,8833,25.66,37.68
2019-04-04,8717,25.29,37.06
2019-04-05,8862,25.41,36.87
2019-04-06,8609,25.89,37.63
2019-04-07,8296,25.45,37.82
2019-04-08,8760,26.16,37.66
2019-04-09,8834,26.56,37.58
2019-04-10,8943,26.83,37.44
2019-04-11,8552,25.68,37.96
2019-04-12,8918,25.91,38.01
2019-04-13,8946,26.04,37.99
2019-04-14,8572,26.12,38.73
2019-04-15,8685,25.63,38.89
2019-04-16,8920,25.38,39.04
2019-04-17,8999,25.81,38.83
2019-04-18,9130,26.87,38.11
2019-04-19,8945,26.1,37.74
2019-04-20,9023,27.51,37.56
2019-04-21,8227,26.12,37.63
2019-04-22,8354,26.76,38.19
2019-04-23,8496,24.88,37.61
2019-04-24,8616,25.83,37.72
2019-04-25,8724,26.03,38.01
2019-04-26,8878,26.89,38.65
2019-04-27,8997,27.53,38.75
2019-04-28,8801,27.49,39.03
2019-04-29,9160,28.04,38.49
2019-04-30,9001,27.71,38.46
2019-05-01,8070,27.26,38.32
2019-05-02,7700,26.57,36.89
2019-05-03,8322,27.64,37.2
2019-05-04,8986,27.86,40.22
2019-05-05,8902,28.12,40.47
2019-05-06,9306,28.69,41.02
2019-05-07,9474,28.94,40.51
2019-05-08,9382,29.33,39.92
2019-05-09,9601,29.22,40.23
2019-05-10,9802,28.88,40.75
2019-05-11,9854,29.47,40.36
2019-05-12,9396,28.44,39.43
2019-05-13,9012,28.62,38.81
2019-05-14,9459,28.44,38.5
2019-05-15,9351,28.81,39.43
2019-05-16,9432,28.17,39.08
2019-05-17,9272,28.65,38.79
2019-05-18,9678,28.24,39.13
2019-05-19,9500,28.62,40.21
2019-05-20,9485,28.48,39.92
2019-05-21,9550,28.41,39.34
2019-05-22,9688,28.04,39.56
2019-05-23,9550,28.59,39.04
2019-05-24,9675,28.26,38.83
2019-05-25,9605,28.57,39.24
2019-05-26,9508,29.58,40.23
2019-05-27,9725,28.41,40.97
2019-05-28,9700,28.82,39.62
2019-05-29,9622,29.27,39.94
2019-05-30,9026,26.57,39.32
2019-05-31,9500,28.79,37.51
2019-06-01,9394,28.68,38.85
2019-06-02,9382,29.53,39.31
2019-06-03,7900,28.06,39.52
2019-06-04,8907,27.25,37.88
2019-06-05,9350,29.04,37.84
2019-06-06,8754,28.92,39.24
2019-06-07,9108,26.96,38.31
2019-06-08,9079,27.87,38.11
2019-06-09,9355,28.7,38.52
2019-06-10,8459,28.38,39.45
2019-06-11,9050,28.39,37.82
2019-06-12,9278,28.81,39.71
2019-06-13,9499,29.32,40.12
2019-06-14,9193,29.2,38.72
2019-06-15,9575,29.38,39.65
2019-06-16,9435,29.67,40.75
2019-06-17,9100,29.17,39.85
2019-06-18,9729,27.97,37.86
2019-06-19,10170,29.38,39.77
2019-06-20,9598,28.91,40.08
2019-06-21,9169,26.89,37.6
2019-06-22,8778,27.72,34.72
2019-06-23,8087,26.19,35.12
2019-06-24,8450,26.61,34.77
2019-06-25,8521,26.09,35.79
2019-06-26,8246,27.13,35.59
2019-06-27,8121,26.91,33.92
2019-06-28,8450,27.89,37.66
2019-06-29,8292,28.36,37.39
2019-06-30,8029,28.13,35.69
2019-07-01,7940,26.21,35.17
2019-07-02,8089,26.6,34.03
2019-07-03,8164,27.49,34.34
2019-07-04,8564,28.04,35.59
2019-07-05,8343,27.6,36.93
2019-07-06,8288,27.28,33.81
2019-07-07,8103,28.26,34.56
2019-07-08,8588,27.21,36.62
2019-07-09,9063,27.82,36.9
2019-07-10,8785,27.87,36.33
2019-07-11,8798,26.93,37.14
2019-07-12,9238,26.89,36.78
2019-07-13,8831,27.41,37.4
2019-07-14,7970,25.33,37.53
2019-07-15,8348,25.99,35.33
2019-07-16,8408,26.32,36.11
2019-07-17,8716,27.19,36.92
2019-07-18,8671,27.24,37.07
2019-07-19,7647,25.48,35.5
2019-07-20,7396,25.46,32.14
2019-07-21,7506,26.29,33.24
2019-07-22,7650,26.5,34.48
2019-07-23,7470,25.62,34.13
2019-07-24,7873,26.12,32.21
2019-07-25,7673,26.28,35.56
2019-07-26,7058,25.58,33.43
2019-07-27,6823,24.58,30.43
2019-07-28,6897,25.94,31.18
2019-07-29,6903,25.56,29.6
2019-07-30,7256,25.64,30.96
2019-07-31,7699,25.78,32.96
2019-08-01,7622,26.04,35.37
2019-08-02,6915,24.41,32.71
2019-08-03,6796,24.78,29.22
2019-08-04,6955,25.65,31.36
2019-08-05,7152,26.23,32.98
2019-08-06,6919,25.38,32.8
2019-08-07,6969,25.39,30.87
2019-08-08,6999,26.04,31.17
2019-08-09,7585,26.01,33.28
2019-08-10,7900,26.45,35.25
2019-08-11,8067,26.81,35.25
2019-08-12,8761,27.39,35.53
2019-08-13,8744,27.02,35.25
2019-08-14,8595,26.06,34.34
2019-08-15,8082,26.11,35.32
2019-08-16,8635,26.29,35.07
2019-08-17,7903,25.73,34.82
2019-08-18,7415,25.57,33.09
2019-08-19,7595,25.43,32.27
2019-08-20,7122,25.23,34.57
2019-08-21,7029,25.58,32.51
2019-08-22,6931,24.76,33.33
2019-08-23,7242,24.97,33.48
2019-08-24,7112,25.53,32.26
2019-08-25,7163,25.46,33.08
2019-08-26,7700,25.8,33.71
2019-08-27,8471,26.2,34.2
2019-08-28,8899,26.31,34.96
2019-08-29,9110,26.28,34.76
2019-08-30,8625,26.4,35.33
2019-08-31,8249,25.58,35.05
2019-09-01,7577,24.94,32.19
2019-09-02,7085,24.78,30.38
2019-09-03,7005,24.81,31.26
2019-09-04,7002,25.03,30.26
2019-09-05,7155,25.73,31.1
2019-09-06,7465,25.79,32.44
2019-09-07,7340,25.91,32.66
2019-09-08,7386,26.24,32.71
2019-09-09,8028,26.42,33.35
2019-09-10,8672,26.75,34.62
2019-09-11,8569,26.52,34.36
2019-09-12,8255,25.19,33.5
2019-09-13,8230,25.8,33.04
2019-09-14,8401,25.14,34.21
2019-09-15,7753,25.29,34.28
2019-09-16,7768,26.19,33.91
2019-09-17,7360,25.13,34.46
2019-09-18,7445,24.82,30.59
2019-09-19,7289,25.26,31.06
2019-09-20,7314,24.86,31.54
2019-09-21,7311,25.49,32.6
2019-09-22,7128,25.59,33.05
2019-09-23,7454,25.52,32.89
2019-09-24,7273,25.13,33.47
2019-09-25,7249,24.68,31.05
2019-09-26,6866,24.44,31.04
2019-09-27,7045,24.6,30.38
2019-09-28,6988,24.76,32.11
2019-09-29,7263,25.35,33.03
2019-09-30,7516,25.14,33.06
2019-10-01,7988,24.74,33.19
2019-10-02,7831,24.88,34.28
2019-10-03,7960,24.98,34.03
2019-10-04,7756,23.52,34.17
2019-10-05,7492,23.99,33.63
2019-10-06,7443,24.28,33.55
2019-10-07,7401,24.29,33.53
2019-10-08,6868,23.66,33.18
2019-10-09,6848,24.2,32.63
2019-10-10,7392,23.75,32.98
2019-10-11,7377,24.16,32.9
2019-10-12,7459,24.75,32.96
2019-10-13,7384,24.72,33.71
2019-10-14,7440,24.65,33.29
2019-10-15,7288,24.75,33.37
2019-10-16,7088,24.5,31.81
2019-10-17,7071,22.86,29.3
2019-10-18,7244,23.59,30.2
2019-10-19,7064,23.72,31.43
2019-10-20,6836,24.22,31.45
2019-10-21,7205,24.39,31.23
2019-10-22,6884,22.93,29.29
2019-10-23,6931,23.17,27.1
2019-10-24,7117,23.28,29.49
2019-10-25,7128,23.6,31.02
2019-10-26,7212,23.6,31.17
2019-10-27,6576,23.79,32.52
2019-10-28,7356,24.52,32.3
2019-10-29,7287,24.14,31.84
2019-10-30,6950,23.83,30.41
2019-10-31,7149,23.62,29.57
2019-11-01,7295,24.2,30.59
2019-11-02,7342,24.23,32.73
2019-11-03,7137,24.07,32.67
2019-11-04,7603,23.11,32.87
2019-11-05,7709,23.29,33.25
2019-11-06,7924,23.49,33.27
2019-11-07,7942,23.23,32.97
2019-11-08,7823,23.04,32.6
2019-11-09,7740,22.68,32.36
2019-11-10,7787,22.7,33.02
2019-11-11,8308,23.0,33.28
2019-11-12,8363,23.08,32.77
2019-11-13,8426,22.84,32.19
2019-11-14,8018,22.73,31.14
2019-11-15,7608,23.05,30.75
2019-11-16,7671,22.86,29.83
2019-11-17,8004,22.63,31.95
2019-11-18,8420,23.88,32.18
2019-11-19,8230,23.62,32.01
2019-11-20,7761,23.51,31.17
2019-11-21,7829,22.67,31.13
2019-11-22,7716,21.63,30.87
2019-11-23,8000,21.12,30.84
2019-11-24,8123,21.05,30.89
2019-11-25,8195,21.09,30.69
2019-11-26,8257,20.75,30.74
2019-11-27,8178,21.89,30.47
2019-11-28,7840,22.75,30.57
2019-11-29,7880,22.42,31.07
2019-11-30,8202,22.34,31.45
2019-12-01,7090,22.94,30.91
2019-12-02,7195,23.43,28.26
2019-12-03,7289,22.93,28.63
2019-12-04,7237,21.97,29.36
2019-12-05,7332,20.82,29.76
2019-12-06,7306,20.23,29.3
2019-12-07,7311,19.24,29.38
2019-12-08,7139,21.32,29.18
2019-12-09,7320,20.91,29.86
2019-12-10,7624,20.61,29.98
2019-12-11,7735,20.31,30.24
2019-12-12,7831,20.24,30.6
2019-12-13,7658,20.08,30.19
2019-12-14,7398,21.73,30.79
2019-12-15,7569,20.81,29.87
2019-12-16,7715,20.71,29.87
2019-12-17,7763,20.94,30.09
2019-12-18,7831,20.44,29.83
2019-12-19,8075,20.74,29.92
2019-12-20,8151,20.66,29.81
2019-12-21,8163,21.04,30.13
2019-12-22,8052,20.37,29.79
2019-12-23,8334,19.95,29.96
2019-12-24,8366,20.42,29.35
2019-12-25,8292,20.48,29.45
2019-12-26,9118,20.31,30.51
2019-12-27,8606,21.18,29.96
2019-12-28,8436,20.86,30.29
2019-12-29,8247,19.68,29.17
2019-12-30,8255,19.37,28.27
2019-12-31,8561,20.01,28.71
2019-01-01,7915,14.78,28.51
2019-01-02,7800,15.04,29.03
2019-01-03,7925,16.26,29.47
2019-01-04,8197,16.98,29.95
2019-01-05,7981,17.21,29.58
2019-01-06,7844,17.28,28.95
2019-01-07,8016,16.61,29.22
2019-01-08,8059,16.75,30.08
2019-01-09,8000,16.28,30.59
2019-01-10,8001,17.13,30.35
2019-01-11,8218,18.05,29.78
2019-01-12,8218,18.06,29.95
2019-01-13,8082,18.2,29.5
2019-01-14,8069,17.74,29.78
2019-01-15,7825,17.05,29.96
2019-01-16,7746,18.18,30.11
2019-01-17,7851,18.24,29.78
2019-01-18,8087,18.77,29.81
2019-01-19,8221,18.39,30.24
2019-01-20,8102,18.23,30.61
2019-01-21,8121,17.61,30.57
2019-01-22,8210,17.83,30.22
2019-01-23,8246,18.39,30.43
2019-01-24,8369,19.05,30.58
2019-01-25,8461,20.37,31.17
2019-01-26,8180,22.04,31.21
2019-01-27,7950,21.81,30.53
2019-01-28,7134,20.76,29.19
2019-01-29,6934,18.36,25.63
2019-01-30,7168,17.15,28.61
2019-01-31,7415,18.38,29.37
2019-02-01,7546,18.55,29.39
2019-02-02,7845,18.38,29.69
2019-02-03,7645,18.98,30.38
2019-02-04,7770,19.51,30.47
2019-02-05,8071,19.48,31.19
2019-02-06,8109,19.55,31.62
2019-02-07,8110,19.41,32.23
2019-02-08,8300,21.65,32.32
2019-02-09,8250,22.8,32.49
2019-02-10,7900,21.79,31.89
2019-02-11,7997,22.94,32.23
2019-02-12,8133,20.89,31.13
2019-02-13,8158,20.68,31.61
2019-02-14,8216,19.02,31.61
2019-02-15,8310,20.71,32.69
2019-02-16,8424,21.56,33.06
2019-02-17,8364,22.72,33.04
2019-02-18,8556,22.82,33.87
2019-02-19,8705,24.0,34.37
2019-02-20,8683,23.16,34.22
2019-02-21,8769,21.64,33.71
2019-02-22,8610,20.21,33.63
2019-02-23,8468,20.47,35.66
2019-02-24,8588,21.16,37.14
2019-02-25,8780,21.82,36.56
2019-02-26,8877,22.53,35.72
2019-02-27,8969,23.7,34.71
2019-02-28,8690,23.72,34.43
2019-03-01,8678,24.49,33.98
2019-03-02,8468,24.12,33.99
2019-03-03,8355,23.46,33.59
2019-03-04,8640,24.16,33.93
2019-03-05,8666,24.64,35.09
2019-03-06,8884,25.26,36.39
2019-03-07,8870,24.72,36.69
2019-03-08,8855,25.04,36.38
2019-03-09,8832,25.25,35.48
2019-03-10,8861,24.66,35.53
2019-03-11,8838,24.78,35.54
2019-03-12,8910,23.96,35.83
2019-03-13,8880,23.61,36.43
2019-03-14,8724,22.89,36.54
2019-03-15,8714,23.21,37.24
2019-03-16,8635,22.71,36.97
2019-03-17,8465,22.81,35.32
2019-03-18,8665,22.47,35.18
2019-03-19,8825,23.48,35.0
2019-03-20,8879,24.47,35.5
2019-03-21,8518,24.82,35.68
2019-03-22,8984,24.52,35.75
2019-03-23,8877,24.86,35.96
2019-03-24,8725,25.33,36.83
2019-03-25,8840,24.82,36.71
2019-03-26,8885,24.49,36.59
2019-03-27,8925,24.22,36.57
2019-03-28,8977,24.53,37.01
2019-03-29,8966,25.26,37.27
2019-03-30,8961,25.57,37.19
2019-03-31,8695,25.44,37.73
2018-04-01,8268,25.87,35.7
2018-04-02,7949,24.0,35.64
2018-04-03,8022,25.59,34.63
2018-04-04,8079,25.32,35.59
2018-04-05,8156,24.46,35.65
2018-04-06,8252,25.15,35.52
2018-04-07,8341,25.16,35.9
2018-04-08,7640,24.41,36.01
2018-04-09,8360,24.69,35.37
2018-04-10,8450,24.07,35.18
2018-04-11,8407,24.58,35.31
2018-04-12,8488,25.53,36.0
2018-04-13,8470,25.47,36.37
2018-04-14,8617,26.39,36.41
2018-04-15,8579,27.01,37.02
2018-04-16,8945,26.95,36.97
2018-04-17,8785,26.8,37.83
2018-04-18,8790,26.66,37.44
2018-04-19,8881,26.64,37.91
2018-04-20,8777,27.69,38.33
2018-04-21,8890,27.57,37.93
2018-04-22,8506,27.55,37.88
2018-04-23,8770,26.89,37.77
2018-04-24,8442,27.88,37.73
2018-04-25,8296,25.55,37.37
2018-04-26,8527,27.07,37.25
2018-04-27,8567,27.5,37.46
2018-04-28,8836,27.05,37.61
2018-04-29,8437,27.19,37.41
2018-04-30,8876,27.94,37.14
2018-05-01,7780,27.99,37.96
2018-05-02,8280,25.6,37.64
2018-05-03,7104,26.66,37.06
2018-05-04,7270,23.62,35.74
2018-05-05,7590,26.89,35.61
2018-05-06,7659,27.44,37.05
2018-05-07,8266,27.23,37.28
2018-05-08,8592,28.14,38.25
2018-05-09,8640,28.48,38.14
2018-05-10,8435,28.43,37.5
2018-05-11,8710,27.54,37.88
2018-05-12,8820,26.68,37.76
2018-05-13,8095,27.77,37.55
2018-05-14,8044,26.02,36.99
2018-05-15,8067,26.07,36.38
2018-05-16,8236,26.7,35.61
2018-05-17,8534,27.42,36.83
2018-05-18,8609,27.01,37.24
2018-05-19,8673,28.23,37.55
2018-05-20,8155,27.54,38.66
2018-05-21,8607,27.84,37.44
2018-05-22,8548,27.78,37.08
2018-05-23,8768,27.84,36.93
2018-05-24,8492,27.27,36.97
2018-05-25,8614,27.84,36.71
2018-05-26,8664,27.84,36.55
2018-05-27,8525,27.77,36.86
2018-05-28,8812,28.43,37.65
2018-05-29,9249,28.44,37.42
2018-05-30,9185,28.58,39.45
2018-05-31,8935,28.87,39.46
2018-06-01,8618,28.03,38.78
2018-06-02,7560,27.88,37.12
2018-06-03,7502,25.91,36.55
2018-06-04,8191,27.29,37.39
2018-06-05,8067,27.65,38.48
2018-06-06,7564,27.31,38.31
2018-06-07,7301,25.77,35.03
2018-06-08,6824,26.07,35.87
2018-06-09,6889,26.58,34.62
2018-06-10,6650,26.88,34.43
2018-06-11,6711,27.02,36.2
2018-06-12,6743,26.32,35.11
2018-06-13,7219,26.33,34.94
2018-06-14,7940,28.11,36.23
2018-06-15,8235,28.07,38.13
2018-06-16,7750,26.96,38.49
2018-06-17,7590,27.79,37.69
2018-06-18,7835,27.91,39.1
2018-06-19,8819,27.47,38.67
2018-06-20,9188,27.87,38.75
2018-06-21,8796,28.24,38.77
2018-06-22,8233,27.09,37.55
2018-06-23,8077,26.99,34.37
2018-06-24,7838,27.01,34.91
2018-06-25,7958,26.89,36.55
2018-06-26,7965,27.38,37.45
2018-06-27,7691,26.08,36.92
2018-06-28,7286,24.83,33.65
2018-06-29,7861,26.24,31.86
2018-06-30,7600,26.0,34.07
2018-07-01,7034,25.23,35.06
2018-07-02,7309,26.16,32.13
2018-07-03,6940,24.43,35.93
2018-07-04,7140,26.03,33.25
2018-07-05,7205,26.79,34.67
2018-07-06,7337,26.33,35.77
2018-07-07,6984,25.46,34.09
2018-07-08,6593,25.02,32.27
2018-07-09,6858,25.77,31.4
2018-07-10,6851,24.89,32.76
2018-07-11,6647,24.77,32.26
2018-07-12,6524,24.53,32.03
2018-07-13,6729,24.95,30.55
2018-07-14,6760,25.62,32.24
2018-07-15,6430,25.11,31.89
2018-07-16,6804,26.09,30.96
2018-07-17,7159,26.13,33.32
2018-07-18,7451,26.55,34.88
2018-07-19,7803,27.12,35.3
2018-07-20,7579,26.58,34.38
2018-07-21,7425,26.03,31.49
2018-07-22,7347,26.68,32.61
2018-07-23,7800,27.09,33.88
2018-07-24,8148,27.03,35.57
2018-07-25,8000,27.05,35.91
2018-07-26,8273,27.26,35.48
2018-07-27,8244,26.69,35.65
2018-07-28,8250,27.17,34.59
2018-07-29,8163,27.18,34.77
2018-07-30,8525,27.13,35.55
2018-07-31,8550,27.45,35.94
2018-08-01,8661,26.87,35.72
2018-08-02,8356,25.59,35.8
2018-08-03,8392,25.89,35.65
2018-08-04,8710,26.67,35.75
2018-08-05,8064,26.63,36.22
2018-08-06,7943,26.64,35.42
2018-08-07,7835,26.01,34.47
2018-08-08,8127,25.16,31.92
2018-08-09,8002,25.3,32.94
2018-08-10,7862,25.67,34.86
2018-08-11,6917,24.47,30.74
2018-08-12,6746,25.19,30.72
2018-08-13,6997,24.73,30.71
2018-08-14,7152,24.29,29.66
2018-08-15,6805,25.06,30.5
2018-08-16,6522,24.89,28.94
2018-08-17,6820,25.28,31.19
2018-08-18,7124,25.44,33.87
2018-08-19,7039,25.77,32.72
2018-08-20,6884,24.77,30.87
2018-08-21,7162,25.21,30.55
2018-08-22,7786,25.74,34.31
2018-08-23,8350,26.92,34.98
2018-08-24,8019,26.73,35.06
2018-08-25,7939,26.2,33.1
2018-08-26,7784,26.04,33.46
2018-08-27,7841,24.87,32.51
2018-08-28,7963,25.2,32.5
2018-08-29,7986,24.83,33.37
2018-08-30,8412,25.99,34.15
2018-08-31,8322,26.21,35.07
2018-09-01,8134,25.56,34.62
2018-09-02,8200,25.75,33.47
2018-09-03,8706,25.77,34.53
2018-09-04,8832,26.05,35.13
2018-09-05,8637,26.1,35.41
2018-09-06,8534,26.14,34.58
2018-09-07,8682,26.08,34.01
2018-09-08,7386,25.43,33.8
2018-09-09,9346,25.8,35.04
2018-09-10,9416,26.43,35.49
2018-09-11,9227,26.32,34.63
2018-09-12,8521,25.82,35.79
2018-09-13,8329,26.45,34.73
2018-09-14,8497,26.02,34.97
2018-09-15,8578,25.59,35.57
2018-09-16,8167,25.74,36.34
2018-09-17,7331,24.0,35.13
2018-09-18,7170,23.92,31.67
2018-09-19,7309,24.04,32.79
2018-09-20,7192,25.19,32.71
2018-09-21,6969,24.49,30.61
2018-09-22,7055,23.29,32.35
2018-09-23,7616,25.31,33.05
2018-09-24,7935,25.49,33.59
2018-09-25,8439,25.41,33.67
2018-09-26,8056,25.05,34.45
2018-09-27,7846,25.02,34.47
2018-09-28,7985,25.65,34.09
2018-09-29,7982,25.51,34.23
2018-09-30,8443,25.92,34.43
2018-10-01,8558,26.12,35.17
2018-10-02,8601,25.95,34.85
2018-10-03,8666,26.0,35.06
2018-10-04,8277,25.79,35.18
2018-10-05,7912,25.08,34.03
2018-10-06,8023,24.95,33.64
2018-10-07,8214,24.87,34.34
2018-10-08,8562,24.88,34.34
2018-10-09,8622,24.67,34.75
2018-10-10,8804,24.55,35.65
2018-10-11,8560,24.39,34.19
2018-10-12,8941,24.77,34.3
2018-10-13,8790,25.97,35.34
2018-10-14,9453,26.08,35.43
2018-10-15,9245,25.85,35.12
2018-10-16,9119,25.54,33.83
2018-10-17,8642,25.22,33.45
2018-10-18,7604,24.31,32.36
2018-10-19,7495,23.61,31.48
2018-10-20,7959,23.2,33.29
2018-10-21,8089,23.89,33.57
2018-10-22,8618,23.43,34.0
2018-10-23,9156,23.64,34.13
2018-10-24,9114,23.42,34.07
2018-10-25,9000,23.85,34.0
2018-10-26,8763,23.65,34.02
2018-10-27,8633,21.56,33.73
2018-10-28,8874,21.68,33.71
2018-10-29,9036,22.14,33.25
2018-10-30,8915,23.23,33.76
2018-10-31,9116,24.12,33.29
2018-11-01,8761,23.93,32.21
2018-11-02,8324,23.98,30.48
2018-11-03,8340,24.62,32.11
2018-11-04,8460,24.55,32.73
2018-11-05,8751,24.77,33.09
2018-11-06,9056,24.39,33.66
2018-11-07,8513,23.44,33.48
2018-11-08,8678,22.39,33.01
2018-11-09,8669,23.13,32.85
2018-11-10,8712,23.05,32.85
2018-11-11,8813,22.89,33.12
2018-11-12,8686,22.07,32.72
2018-11-13,8672,20.61,32.06
2018-11-14,8732,20.71,33.27
2018-11-15,8406,22.61,33.49
2018-11-16,8129,24.35,32.05
2018-11-17,8100,24.07,32.04
2018-11-18,7895,24.7,32.27
2018-11-19,8263,24.71,32.75
2018-11-20,8199,24.11,33.19
2018-11-21,8022,23.45,32.54
2018-11-22,7553,23.17,30.35
2018-11-23,7663,22.6,28.45
2018-11-24,7684,22.23,30.67
2018-11-25,7571,20.8,31.67
2018-11-26,7753,19.85,31.29
2018-11-27,7764,19.36,30.95
2018-11-28,8018,19.73,30.77
2018-11-29,8104,21.14,31.12
2018-11-30,8137,21.24,31.05
2018-12-01,8010,21.38,31.1
2018-12-02,7846,20.57,30.96
2018-12-03,7777,21.27,30.34
2018-12-04,7801,22.55,30.8
2018-12-05,7718,22.63,28.44
2018-12-06,7806,23.44,29.68
2018-12-07,7873,23.06,30.99
2018-12-08,7804,23.01,30.96
2018-12-09,7745,22.5,30.93
2018-12-10,7992,21.76,30.78
2018-12-11,8013,21.84,30.37
2018-12-12,8082,21.75,30.77
2018-12-13,8100,21.89,31.14
2018-12-14,8026,21.76,30.81
2018-12-15,7962,21.62,30.79
2018-12-16,7653,21.62,29.8
2018-12-17,6226,19.07,25.9
2018-12-18,6868,18.89,25.6
2018-12-19,7106,19.1,26.15
2018-12-20,7291,19.43,27.39
2018-12-21,7522,20.27,28.83
2018-12-22,7507,20.36,29.05
2018-12-23,7415,20.86,29.51
2018-12-24,7712,19.86,28.99
2018-12-25,7854,20.19,29.59
2018-12-26,7865,20.25,30.14
2018-12-27,8073,20.76,29.93
2018-12-28,7958,21.47,29.99
2018-12-29,8190,18.83,29.41
2018-12-30,7771,18.11,28.42
2018-12-31,8005,16.53,28.0
2018-01-01,8193,20.45,30.82
2018-01-02,8392,19.87,30.81
2018-01-03,8278,19.46,30.36
2018-01-04,8238,18.68,30.41
2018-01-06,8232,17.08,29.55
2018-01-07,8250,16.93,29.69
2018-01-08,8140,17.21,29.62
2018-01-09,8288,18.32,29.08
2018-01-10,8267,18.84,28.81
2018-01-11,8428,19.79,30.02
2018-01-12,8411,20.69,30.81
2018-01-13,8558,20.6,31.64
2018-01-14,8339,20.71,31.42
2018-01-15,8128,19.68,31.16
2018-01-16,7880,20.08,31.0
2018-01-17,8402,19.4,30.92
2018-01-18,8147,18.07,30.49
2018-01-19,8384,17.76,30.36
2018-01-20,8234,17.71,29.91
2018-01-21,8116,17.21,29.91
2018-01-22,8270,16.91,29.83
2018-01-23,8439,17.78,29.48
2018-01-24,8553,18.55,29.91
2018-01-25,8545,18.97,30.54
2018-01-26,8432,19.23,31.51
2018-01-27,8500,19.16,30.66
2018-01-28,8335,19.24,30.74
2018-01-29,8474,19.19,30.36
2018-01-30,8515,18.75,30.34
2018-01-31,8516,17.69,30.42
2018-02-01,8516,16.84,31.99
2018-02-02,8227,16.79,33.28
2018-02-03,8471,17.06,32.84
2018-02-04,8410,16.45,31.74
2018-02-05,8350,17.07,31.21
2018-02-06,8350,18.89,31.02
2018-02-07,8650,19.52,31.64
2018-02-08,8166,21.52,31.02
2018-02-09,8219,21.03,32.32
2018-02-10,8216,22.12,32.21
2018-02-11,8299,21.81,32.11
2018-02-12,8429,21.68,30.56
2018-02-13,8260,20.86,31.39
2018-02-14,8591,19.98,31.18
2018-02-15,8415,19.33,31.54
2018-02-16,8354,19.32,31.95
2018-02-17,8667,20.16,32.29
2018-02-18,8703,19.82,32.28
2018-02-19,8637,20.09,32.49
2018-02-20,8625,19.88,32.09
2018-02-21,8627,19.48,32.11
2018-02-22,8626,19.64,32.68
2018-02-23,8824,19.96,33.37
2018-02-24,8982,18.81,32.83
2018-02-25,8573,18.61,32.98
2018-02-26,8705,18.1,34.19
2018-02-27,8763,19.24,35.16
2018-02-28,8909,19.82,34.79
2018-03-01,8814,20.28,35.16
2018-03-02,8483,20.79,35.52
2018-03-03,8791,20.23,35.73
2018-03-04,8633,20.98,36.01
2018-03-05,8733,20.37,35.71
2018-03-06,8865,20.0,34.99
2018-03-07,8769,20.73,34.86
2018-03-08,8769,20.54,34.49
2018-03-09,8815,21.68,34.64
2018-03-10,8617,21.83,34.01
2018-03-11,8468,22.34,34.92
2018-03-12,8797,22.48,34.36
2018-03-13,8800,22.87,34.37
2018-03-14,8775,23.69,35.42
2018-03-15,8960,24.56,35.19
2018-03-16,8983,25.11,35.03
2018-03-17,7482,23.51,34.41
2018-03-18,7482,22.58,31.93
2018-03-19,7734,22.48,34.56
2018-03-20,8232,23.09,35.23
2018-03-21,8383,23.86,35.04
2018-03-22,8424,24.99,36.08
2018-03-23,8741,25.55,36.44
2018-03-24,8730,26.04,37.0
2018-03-25,8472,25.15,35.71
2018-03-26,8817,24.07,34.76
2018-03-27,8853,24.26,35.0
2018-03-28,8844,24.79,35.68
2018-03-29,8907,26.19,36.25
2018-03-30,8852,26.18,36.3
2018-03-31,8379,26.29,36.13
